Workbook

Sheet Sheet1
A1: start_node | B1: end_node | C1: length | D1: manual_iop | E1: ground_level_start | F1: ground_level_end | G1: discharge
A2: DC-7 | B2: J-2800 | C2: 1171 | E2: =_xlfn.XLOOKUP(A2,Sheet2!A:A,Sheet2!B:B) -> 560 | F2: =_xlfn.XLOOKUP(A2,Sheet2!A:A,Sheet2!B:B) -> 560 | G2: 2.175532
A3: J-2800 | B3: J-2801 | C3: 407 | E3: =_xlfn.XLOOKUP(A3,Sheet2!A:A,Sheet2!B:B) -> 433.49 | F3: =_xlfn.XLOOKUP(A3,Sheet2!A:A,Sheet2!B:B) -> 433.49 | G3: 2.128368
A4: J-2801 | B4: J-2802 | C4: 432 | E4: =_xlfn.XLOOKUP(A4,Sheet2!A:A,Sheet2!B:B) -> 410.85 | F4: =_xlfn.XLOOKUP(A4,Sheet2!A:A,Sheet2!B:B) -> 410.85 | G4: 2.120399
A5: J-2802 | B5: J-2803 | C5: 114 | E5: =_xlfn.XLOOKUP(A5,Sheet2!A:A,Sheet2!B:B) -> 394.57 | F5: =_xlfn.XLOOKUP(A5,Sheet2!A:A,Sheet2!B:B) -> 394.57 | G5: 2.112763
A6: J-2803 | B6: J-2804 | C6: 185 | E6: =_xlfn.XLOOKUP(A6,Sheet2!A:A,Sheet2!B:B) -> 392.68 | F6: =_xlfn.XLOOKUP(A6,Sheet2!A:A,Sheet2!B:B) -> 392.68 | G6: 2.105088
A7: J-2804 | B7: J-2805 | C7: 432 | E7: =_xlfn.XLOOKUP(A7,Sheet2!A:A,Sheet2!B:B) -> 382.54 | F7: =_xlfn.XLOOKUP(A7,Sheet2!A:A,Sheet2!B:B) -> 382.54 | G7: 2.098477
A8: J-2805 | B8: J-2806 | C8: 239 | E8: =_xlfn.XLOOKUP(A8,Sheet2!A:A,Sheet2!B:B) -> 385.8 | F8: =_xlfn.XLOOKUP(A8,Sheet2!A:A,Sheet2!B:B) -> 385.8 | G8: 1.887118
A9: J-2806 | B9: J-2807 | C9: 414 | E9: =_xlfn.XLOOKUP(A9,Sheet2!A:A,Sheet2!B:B) -> 387.77 | F9: =_xlfn.XLOOKUP(A9,Sheet2!A:A,Sheet2!B:B) -> 387.77 | G9: 1.877364
A10: J-2807 | B10: J-2808 | C10: 300 | E10: =_xlfn.XLOOKUP(A10,Sheet2!A:A,Sheet2!B:B) -> 389.2 | F10: =_xlfn.XLOOKUP(A10,Sheet2!A:A,Sheet2!B:B) -> 389.2 | G10: 1.86996
A11: J-2808 | B11: J-2809 | C11: 367 | E11: =_xlfn.XLOOKUP(A11,Sheet2!A:A,Sheet2!B:B) -> 389.15 | F11: =_xlfn.XLOOKUP(A11,Sheet2!A:A,Sheet2!B:B) -> 389.15 | G11: 1.851166
A12: J-2809 | B12: J-2810 | C12: 755 | E12: =_xlfn.XLOOKUP(A12,Sheet2!A:A,Sheet2!B:B) -> 393.44 | F12: =_xlfn.XLOOKUP(A12,Sheet2!A:A,Sheet2!B:B) -> 393.44 | G12: 1.778009
A13: J-2810 | B13: J-2811 | C13: 215 | E13: =_xlfn.XLOOKUP(A13,Sheet2!A:A,Sheet2!B:B) -> 382.97 | F13: =_xlfn.XLOOKUP(A13,Sheet2!A:A,Sheet2!B:B) -> 382.97 | G13: 1.771706
... A832: J-3127 | B832: V221_C6 | C832: 313 | E832: =_xlfn.XLOOKUP(A832,Sheet2!A:A,Sheet2!B:B) -> 404.75 | F832: =_xlfn.XLOOKUP(A832,Sheet2!A:A,Sheet2!B:B) -> 404.75 | G832: 0.003344

Sheet Sheet2
A1: DC-7 | B1: 560
A2: INLET_SPH2 | B2: 527
A3: J-2800 | B3: 433.49
A4: J-2801 | B4: 410.85
A5: J-2802 | B5: 394.57
A6: J-2803 | B6: 392.68
A7: J-2804 | B7: 382.54
A8: J-2805 | B8: 385.8
A9: J-2806 | B9: 387.77
A10: J-2807 | B10: 389.2
A11: J-2808 | B11: 389.15
A12: J-2809 | B12: 393.44
... A832: V256_C9 | B832: 447.91
